"rank","link","Population","Prev","Growth"
1,,37393129,37435191,"-0.0011"
2,,30290936,29399141,"0.0303"
3,,27058479,26317104,"0.0282"
4,,22043028,21846507,"0.0090"
5,,21782378,21671908,"0.0051"
6,,21005860,20283552,"0.0356"
7,,20900604,20484965,"0.0203"
8,,20462610,20035455,"0.0213"
9,,20411274,20185064,"0.0112"
10,,19165340,19222665,"-0.0030"
11,,16093786,15741406,"0.0224"
12,,15872179,15354067,"0.0337"
13,,15190336,14967667,"0.0149"
14,,15153729,15057273,"0.0064"
15,,14850066,14755186,"0.0064"
16,,14368332,13903620,"0.0334"
17,,14342439,13743278,"0.0436"
18,,13923452,13698889,"0.0164"
19,,13589078,13396402,"0.0144"
20,,13458075,13374275,"0.0063"
21,,13301532,12967862,"0.0257"
22,,12642423,12188196,"0.0373"
23,,12537954,12476171,"0.0050"
24,,12356820,12128721,"0.0188"
25,,12326532,11882666,"0.0374"
26,,11017230,10958187,"0.0054"
27,,10978360,10779376,"0.0185"
28,,10971108,10711243,"0.0243"
29,,10770487,10638689,"0.0124"
30,,10719188,10554712,"0.0156"
31,,10539415,10350204,"0.0183"
32,,10004144,9741397,"0.0270"
33,,9963452,9962393,"0.0001"
34,,9552132,9532059,"0.0021"
35,,9304016,9176530,"0.0139"
36,,9135768,8971839,"0.0183"
37,,9134708,9013663,"0.0134"
38,,8622357,8580015,"0.0025"
39,,8364977,8266273,"0.0119"
40,,8329798,8044735,"0.0354"
41,,8059441,7868633,"0.0242"
42,,8000965,7722254,"0.0361"
43,,7996830,7780301,"0.0278"
44,,7642147,7437993,"0.0274"
45,,7547652,7490776,"0.0076"
46,,7407852,7378500,"0.0040"
47,,7326852,7257143,"0.0096"
48,,7231447,7070665,"0.0227"
49,,7220104,7069012,"0.0214"
50,,7184590,6873756,"0.0452"
51,,7144260,6974439,"0.0243"
52,,7069992,6703499,"0.0547"
53,,6767223,6723516,"0.0065"
54,,6701650,6368272,"0.0523"
55,,6629347,6451618,"0.0275"
56,,6617513,6559041,"0.0089"
57,,6387195,6249824,"0.0220"
58,,6196731,6139404,"0.0093"
59,,6084430,6028319,"0.0093"
60,,5935053,5868104,"0.0114"
61,,5828858,5677921,"0.0266"
62,,5782747,5635127,"0.0262"
63,,5619977,5499117,"0.0220"
64,,5617849,5458521,"0.0292"
65,,5585556,5541127,"0.0080"
66,,5528632,5540084,"-0.0021"
67,,5467808,5426959,"0.0075"
68,,5360185,5205402,"0.0297"
69,,5331800,5243989,"0.0167"
70,,5322696,5131377,"0.0373"
71,,5280664,5182450,"0.0190"
72,,5202762,5058550,"0.0285"
73,,5179479,5100527,"0.0155"
74,,5117603,5017996,"0.0198"
75,,5019824,4914633,"0.0214"
76,,4967733,4870388,"0.0200"
77,,4925987,4859432,"0.0137"
78,,4874095,4792864,"0.0169"
79,,4734881,4556381,"0.0392"
80,,4645843,4558991,"0.0191"
81,,4617560,4524111,"0.0207"
82,,4610176,4522216,"0.0195"
83,,4577723,4460622,"0.0263"
84,,4443186,4335924,"0.0247"
85,,4425761,4332263,"0.0216"
86,,4398383,4361480,"0.0085"
87,,4368865,4189926,"0.0427"
88,,4327316,4249233,"0.0184"
89,,4257056,4234019,"0.0054"
90,,4241514,4110366,"0.0319"
91,,4220566,4195523,"0.0060"
92,,4181479,4096962,"0.0206"
93,,4137417,4115354,"0.0054"
94,,4127091,4077746,"0.0121"
95,,4116209,3965588,"0.0380"
96,,4114393,4031021,"0.0207"
97,,4085014,4030668,"0.0067"
98,,4073465,4025753,"0.0119"
99,,4000263,3966906,"0.0084"
100,,3999050,3905598,"0.0239"
101,,3992411,3822425,"0.0445"
102,,3909333,3812262,"0.0255"
103,,3894262,3817938,"0.0200"
104,,3891127,3807407,"0.0220"
105,,3859608,3743602,"0.0310"
106,,3839076,3796634,"0.0112"
107,,3752357,3716093,"0.0098"
108,,3720141,3651537,"0.0188"
109,,3685701,3608056,"0.0215"
110,,3676515,3589795,"0.0242"
111,,3663227,3536119,"0.0359"
112,,3625328,3498645,"0.0362"
113,,3623646,3521172,"0.0291"
114,,3598421,3485364,"0.0324"
115,,3562038,3556792,"0.0015"
116,,3555411,3364657,"0.0567"
117,,3551961,3463855,"0.0254"
118,,3465190,3465633,"-0.0001"
119,,3462295,3385342,"0.0227"
120,,3425638,3285328,"0.0427"
121,,3394273,3276733,"0.0359"
122,,3391277,3169457,"0.0700"
123,,3368585,3210386,"0.0493"
124,,3348062,3205586,"0.0444"
125,,3336562,3279160,"0.0175"
126,,3317784,3245021,"0.0224"
127,,3317110,3226249,"0.0282"
128,,3300794,3255911,"0.0138"
129,,3298364,3137690,"0.0512"
130,,3277740,3095118,"0.0590"
131,,3256020,3198981,"0.0178"
132,,3208336,3152482,"0.0177"
133,,3194848,3145456,"0.0157"
134,,3153355,3154152,"-0.0003"
135,,3140442,3057065,"0.0273"
136,,3140181,3136077,"0.0013"
137,,3123990,3100285,"0.0076"
138,,3114553,3052493,"0.0203"
139,,3082055,2969638,"0.0379"
140,,3080522,3007613,"0.0242"
141,,3068164,2920761,"0.0505"
142,,3020232,2873322,"0.0511"
143,,2994218,2946158,"0.0163"
144,,2972988,2874373,"0.0343"
145,,2956879,2942097,"0.0050"
146,,2944403,2921630,"0.0078"
147,,2934841,2891230,"0.0151"
148,,2922320,2911784,"0.0036"
149,,2913974,2890965,"0.0080"
150,,2878344,2833079,"0.0160"
151,,2801039,2782612,"0.0066"
152,,2786600,2713233,"0.0270"
153,,2781980,2754078,"0.0101"
154,,2780331,2652720,"0.0481"
155,,2774133,2646619,"0.0482"
156,,2773553,2704187,"0.0257"
157,,2767661,2729325,"0.0140"
158,,2730076,2710074,"0.0074"
159,,2727209,2615154,"0.0428"
160,,2721485,2713112,"0.0031"
161,,2690011,2628413,"0.0234"
162,,2670406,2687682,"-0.0032"
163,,2669680,2667852,"0.0007"
164,,2655320,2537652,"0.0464"
165,,2653989,2560068,"0.0367"
166,,2639735,2596275,"0.0167"
167,,2617686,2529328,"0.0349"
168,,2584752,2476928,"0.0435"
169,,2581079,2555884,"0.0099"
170,,2580191,2557561,"0.0088"
171,,2565660,2472612,"0.0376"
172,,2540018,2444934,"0.0389"
173,,2526702,2442581,"0.0344"
174,,2525263,2412532,"0.0467"
175,,2524543,2441944,"0.0338"
176,,2517381,2490334,"0.0109"
177,,2514005,2475208,"0.0157"
178,,2478262,2377495,"0.0424"
179,,2467241,2410875,"0.0234"
180,,2448417,2451375,"-0.0012"
181,,2424425,2406875,"0.0073"
182,,2406182,2372335,"0.0143"
183,,2392045,2353637,"0.0163"
184,,2389547,2333106,"0.0242"
185,,2388090,2308076,"0.0347"
186,,2387094,2311242,"0.0328"
187,,2378146,2340814,"0.0079"
188,,2365201,2327822,"0.0161"
189,,2341443,2313138,"0.0122"
190,,2338547,2279906,"0.0257"
191,,2337958,2310522,"0.0119"
192,,2334462,2307615,"0.0116"
193,,2327417,2317722,"0.0042"
194,,2282009,2179855,"0.0469"
195,,2275777,2199133,"0.0349"
196,,2272914,2245912,"0.0120"
197,,2260788,2216713,"0.0199"
198,,2257999,2218693,"0.0177"
199,,2245162,2217749,"0.0124"
200,,2236905,2195560,"0.0188"
201,,2229220,2168960,"0.0278"
202,,2210246,2159903,"0.0233"
203,,2202946,2133382,"0.0326"
204,,2198962,2209367,"-0.0047"
205,,2190495,2142760,"0.0223"
206,,2186853,2191906,"-0.0023"
207,,2174968,2124948,"0.0235"
208,,2166906,2107309,"0.0283"
209,,2165257,2103506,"0.0294"
210,,2163394,2085969,"0.0371"
211,,2148293,2108509,"0.0189"
212,,2145970,2099308,"0.0222"
213,,2140423,2138419,"0.0009"
214,,2140398,2099293,"0.0196"
215,,2132037,2086356,"0.0219"
216,,2083223,2089157,"-0.0028"
217,,2080788,2065284,"0.0075"
218,,2077757,2014015,"0.0316"
219,,2075857,2039962,"0.0176"
220,,2065728,2008598,"0.0284"
221,,2042106,2004888,"0.0186"
222,,2041959,2016415,"0.0127"
223,,2039845,1975188,"0.0327"
224,,2028104,2016677,"0.0057"
225,,2015091,1972432,"0.0216"
226,,1992773,1946377,"0.0238"
227,,1986268,1951161,"0.0180"
228,,1975790,1932104,"0.0226"
229,,1938272,1889233,"0.0260"
230,,1936908,1889824,"0.0249"
231,,1934847,1876402,"0.0311"
232,,1929944,1915338,"0.0076"
233,,1916781,1834093,"0.0451"
234,,1907350,1809304,"0.0542"
235,,1895742,1862809,"0.0177"
236,,1892314,1872844,"0.0104"
237,,1889095,1876395,"0.0068"
238,,1889071,1846864,"0.0229"
239,,1884802,1864851,"0.0107"
240,,1878032,1822437,"0.0305"
241,,1870281,1777511,"0.0522"
242,,1866492,1832670,"0.0185"
243,,1864424,1821247,"0.0237"
244,,1860291,1821693,"0.0212"
245,,1859001,1810606,"0.0267"
246,,1856849,1830424,"0.0144"
247,,1851558,1760698,"0.0516"
248,,1827878,1785310,"0.0238"
249,,1825450,1784942,"0.0227"
250,,1825080,1801979,"0.0128"
251,,1820127,1761551,"0.0333"
252,,1803247,1812290,"-0.0050"
253,,1789954,1791120,"-0.0007"
254,,1783251,1775933,"0.0041"
255,,1770850,1749869,"0.0120"
256,,1768073,1763913,"0.0024"
257,,1759378,1715058,"0.0258"
258,,1745333,1701797,"0.0256"
259,,1743469,1679243,"0.0188"
260,,1734173,1704385,"0.0175"
261,,1727169,1676132,"0.0304"
262,,1722700,1693463,"0.0173"
263,,1719268,1704738,"0.0085"
264,,1712688,1676912,"0.0213"
265,,1705886,1668740,"0.0223"
266,,1704118,1667798,"0.0218"
267,,1696440,1665859,"0.0184"
268,,1694076,1631153,"0.0386"
269,,1687310,1663153,"0.0145"
270,,1684649,1628932,"0.0342"
271,,1673332,1666632,"0.0040"
272,,1664942,1639138,"0.0157"
273,,1663748,1650185,"0.0082"
274,,1657726,1631785,"0.0159"
275,,1651362,1627939,"0.0144"
276,,1642169,1581479,"0.0384"
277,,1632798,1608037,"0.0154"
278,,1629932,1577979,"0.0329"
279,,1629166,1613590,"0.0097"
280,,1617602,1530519,"0.0569"
281,,1614854,1553033,"0.0398"
282,,1611133,1596171,"0.0094"
283,,1609221,1544524,"0.0419"
284,,1608236,1603434,"0.0030"
285,,1606564,1582028,"0.0155"
286,,1603332,1585383,"0.0113"
287,,1599434,1570577,"0.0184"
288,,1590402,1541456,"0.0156"
289,,1585774,1549803,"0.0232"
290,,1583553,1556025,"0.0177"
291,,1580413,1581403,"-0.0006"
292,,1579504,1573688,"0.0018"
293,,1579049,1530944,"0.0314"
294,,1565656,1561931,"0.0024"
295,,1559581,1536903,"0.0148"
296,,1558412,1517148,"0.0272"
297,,1549729,1501635,"0.0320"
298,,1548423,1490109,"0.0391"
299,,1547484,1512539,"0.0231"
300,,1546064,1473274,"0.0494"
301,,1539437,1495340,"0.0295"
302,,1538302,1521417,"0.0111"
303,,1537640,1534349,"0.0021"
304,,1535223,1483631,"0.0348"
305,,1532128,1510253,"0.0145"
306,,1529920,1521311,"0.0057"
307,,1527107,1479887,"0.0319"
308,,1521506,1519448,"0.0014"
309,,1517235,1467026,"0.0342"
310,,1503812,1493370,"0.0070"
311,,1496389,1432643,"0.0445"
312,,1494249,1471411,"0.0155"
313,,1488782,1459468,"0.0201"
314,,1485763,1472956,"0.0087"
315,,1482816,1452057,"0.0212"
316,,1471900,1434312,"0.0262"
317,,1469490,1438060,"0.0108"
318,,1461182,1429743,"0.0220"
319,,1458400,1395418,"0.0451"
320,,1456844,1426562,"0.0212"
321,,1449787,1429683,"0.0141"
322,,1444085,1403162,"0.0292"
323,,1440060,1357818,"0.0606"
324,,1439195,1404095,"0.0250"
325,,1437838,1414863,"0.0162"
326,,1437554,1405821,"0.0226"
327,,1434649,1400504,"0.0244"
328,,1431260,1410410,"0.0148"
329,,1429004,1432345,"-0.0023"
330,,1428383,1408284,"0.0143"
331,,1423515,1376108,"0.0345"
332,,1422547,1371524,"0.0372"
333,,1414790,1348529,"0.0491"
334,,1400337,1359133,"0.0149"
335,,1399629,1378546,"0.0153"
336,,1398645,1379856,"0.0136"
337,,1397939,1393717,"0.0030"
338,,1395356,1383092,"0.0089"
339,,1393723,1373594,"0.0147"
340,,1393086,1378151,"0.0108"
341,,1386877,1342600,"0.0330"
342,,1378375,1347582,"0.0229"
343,,1378249,1362689,"0.0114"
344,,1377371,1355875,"0.0159"
345,,1352210,1324763,"0.0207"
346,,1348056,1314590,"0.0255"
347,,1346485,1333888,"0.0094"
348,,1339103,1313522,"0.0195"
349,,1338828,1314249,"0.0187"
350,,1336403,1328119,"0.0062"
351,,1335804,1314355,"0.0163"
352,,1334356,1280711,"0.0419"
353,,1331453,1313376,"0.0138"
354,,1331186,1316066,"0.0115"
355,,1328136,1299368,"0.0221"
356,,1323039,1308693,"0.0110"
357,,1320591,1302252,"0.0141"
358,,1314636,1258973,"0.0442"
359,,1312947,1309805,"0.0024"
360,,1311321,1288887,"0.0174"
361,,1306937,1289380,"0.0136"
362,,1305737,1298804,"0.0053"
363,,1304851,1292232,"0.0098"
364,,1304315,1260012,"0.0352"
365,,1303907,1270649,"0.0262"
366,,1303141,1286622,"0.0128"
367,,1300088,1259429,"0.0323"
368,,1295975,1253811,"0.0336"
369,,1291848,1251511,"0.0322"
370,,1287937,1264584,"0.0185"
371,,1286854,1258677,"0.0224"
372,,1285387,1285571,"-0.0001"
373,,1285039,1221386,"0.0521"
374,,1280968,1276937,"0.0032"
375,,1280960,1248480,"0.0260"
376,,1276028,1240313,"0.0288"
377,,1275851,1251619,"0.0194"
378,,1274287,1230265,"0.0358"
379,,1272063,1263412,"0.0068"
380,,1270948,1228374,"0.0347"
381,,1261310,1213000,"0.0398"
382,,1259844,1199747,"0.0501"
383,,1257754,1260885,"-0.0025"
384,,1257726,1215280,"0.0349"
385,,1255287,1225034,"0.0247"
386,,1253872,1219140,"0.0285"
387,,1253742,1241941,"0.0095"
388,,1252523,1225235,"0.0223"
389,,1244250,1227916,"0.0133"
390,,1241450,1201843,"0.0330"
391,,1239331,1218478,"0.0171"
392,,1228179,1214666,"0.0111"
393,,1227795,1222108,"0.0047"
394,,1224080,1203655,"0.0170"
395,,1216564,1197894,"0.0156"
396,,1214362,1201421,"0.0108"
397,,1214281,1175513,"0.0330"
398,,1214047,1175701,"0.0326"
399,,1210554,1176576,"0.0289"
400,,1209836,1185469,"0.0206"
401,,1207637,1191681,"0.0134"
402,,1204883,1171388,"0.0286"
403,,1204716,1170342,"0.0294"
404,,1203227,1190295,"0.0109"
405,,1201900,1168424,"0.0287"
406,,1197923,1156739,"0.0356"
407,,1197000,1161757,"0.0303"
408,,1195907,1129312,"0.0590"
409,,1189963,1142079,"0.0419"
410,,1186912,1165486,"0.0184"
411,,1182339,1183262,"-0.0008"
412,,1173816,1148451,"0.0221"
413,,1172619,1153152,"0.0169"
414,,1169932,1119054,"0.0455"
415,,1169044,1094294,"0.0683"
416,,1168983,1128967,"0.0354"
417,,1166978,1151301,"0.0136"
418,,1165983,1117621,"0.0433"
419,,1165085,1160918,"0.0036"
420,,1164793,1134936,"0.0263"
421,,1164668,1148865,"0.0138"
422,,1164665,1131222,"0.0296"
423,,1163296,1166932,"-0.0031"
424,,1162886,1131484,"0.0278"
425,,1160045,1127512,"0.0289"
426,,1159981,1126438,"0.0298"
427,,1159719,1136981,"0.0200"
428,,1157413,1139256,"0.0159"
429,,1148972,1140339,"0.0076"
430,,1148472,1128743,"0.0175"
431,,1147431,1140844,"0.0058"
432,,1146758,1097660,"0.0447"
433,,1145359,1122681,"0.0202"
434,,1142976,1115751,"0.0244"
435,,1142799,1115205,"0.0247"
436,,1141734,1108939,"0.0296"
437,,1137494,1124674,"0.0114"
438,,1136291,1132656,"0.0032"
439,,1136201,1135196,"0.0009"
440,,1135775,1072932,"0.0586"
441,,1134393,1114826,"0.0176"
442,,1132101,1094796,"0.0341"
443,,1129198,1095064,"0.0312"
444,,1125316,1094576,"0.0281"
445,,1122440,1073355,"0.0457"
446,,1121720,1074695,"0.0438"
447,,1120872,1101419,"0.0177"
448,,1120430,1060743,"0.0563"
449,,1118789,1107731,"0.0100"
450,,1116740,1099613,"0.0156"
451,,1116728,1097545,"0.0175"
452,,1113210,1096706,"0.0150"
453,,1110477,1104314,"0.0056"
454,,1106453,1088041,"0.0169"
455,,1102463,1081911,"0.0190"
456,,1099546,1070245,"0.0274"
457,,1091512,1068768,"0.0213"
458,,1087745,1074933,"0.0119"
459,,1083867,1042112,"0.0401"
460,,1083345,1061544,"0.0205"
461,,1081466,1051017,"0.0290"
462,,1081031,1062361,"0.0176"
463,,1078002,1024513,"0.0522"
464,,1077833,1077346,"0.0005"
465,,1077317,1021347,"0.0548"
466,,1075022,1059092,"0.0150"
467,,1071419,1066952,"0.0042"
468,,1069196,1054325,"0.0141"
469,,1067719,1062031,"0.0054"
470,,1063698,1055472,"0.0078"
471,,1063231,1010736,"0.0519"
472,,1062622,1054694,"0.0075"
473,,1060702,1021693,"0.0382"
474,,1057936,1020604,"0.0366"
475,,1056485,999508,"0.0570"
476,,1056440,991000,"0.0660"
477,,1055974,1057734,"-0.0017"
478,,1054766,1033378,"0.0207"
479,,1054102,1012993,"0.0406"
480,,1053670,1033756,"0.0193"
481,,1053125,1030951,"0.0215"
482,,1050860,989343,"0.0622"
483,,1041377,1026758,"0.0142"
484,,1039941,982185,"0.0588"
485,,1039492,1018977,"0.0201"
486,,1038429,1017166,"0.0209"
487,,1038296,1022741,"0.0152"
488,,1037164,1004015,"0.0330"
489,,1036242,1030796,"0.0026"
490,,1036162,1006913,"0.0290"
491,,1031037,1021948,"0.0089"
492,,1028518,1001805,"0.0267"
493,,1025740,1004561,"0.0211"
494,,1024166,1010593,"0.0134"
495,,1023900,1003485,"0.0203"
496,,1023777,996546,"0.0273"
497,,1021229,1011029,"0.0101"
498,,1020303,983606,"0.0373"
499,,1019389,986525,"0.0333"
500,,1018842,983366,"0.0177"
501,,1016019,997131,"0.0189"
502,,1013064,980581,"0.0331"
503,,1012996,954424,"0.0614"
504,,1012614,996040,"0.0166"
505,,1010413,979359,"0.0317"
506,,1010026,1008667,"0.0013"
507,,1009534,999033,"0.0105"
508,,1009380,991254,"0.0183"
509,,1009289,1010293,"-0.0010"
510,,1004688,1009238,"-0.0045"
511,,1002709,988968,"0.0139"
512,,1001278,986228,"0.0153"
513,,991820,924575,"0.0727"
514,,989880,950130,"0.0418"
515,,988716,945908,"0.0453"
516,,988351,960993,"0.0285"
517,,986923,951055,"0.0377"
518,,986853,965359,"0.0223"
519,,986192,952704,"0.0352"
520,,985656,971050,"0.0150"
521,,983784,966802,"0.0176"
522,,983751,975179,"0.0088"
524,,980455,950374,"0.0317"
523,,980455,964358,"0.0167"
525,,980070,967436,"0.0131"
526,,979381,966958,"0.0128"
527,,973506,960262,"0.0138"
528,,972124,924370,"0.0517"
529,,969535,892142,"0.0867"
530,,968993,957383,"0.0121"
531,,968135,934073,"0.0365"
532,,966597,953612,"0.0136"
533,,962985,928758,"0.0369"
534,,962694,949762,"0.0136"
535,,959881,914372,"0.0498"
536,,959658,936510,"0.0247"
537,,957345,963113,"-0.0060"
538,,957214,938135,"0.0203"
539,,953745,962845,"-0.0095"
540,,949866,928632,"0.0229"
541,,949646,936975,"0.0135"
542,,948793,936074,"0.0136"
543,,945519,900040,"0.0505"
544,,943768,945746,"-0.0021"
545,,942342,907828,"0.0380"
546,,942208,941800,"0.0004"
547,,938683,894600,"0.0493"
548,,937615,887220,"0.0568"
549,,936382,905520,"0.0341"
550,,934439,907529,"0.0146"
551,,933881,893997,"0.0218"
552,,933380,923047,"0.0112"
553,,932263,904758,"0.0304"
554,,931756,919407,"0.0134"
555,,928895,904694,"0.0268"
556,,927916,919843,"0.0088"
557,,925522,910032,"0.0170"
558,,923552,905649,"0.0198"
559,,922999,911311,"0.0128"
560,,922532,878037,"0.0507"
561,,921502,906705,"0.0163"
562,,919192,869060,"0.0577"
563,,918946,894925,"0.0268"
564,,918529,907066,"0.0126"
565,,918051,859349,"0.0683"
566,,917700,900874,"0.0187"
567,,917477,905281,"0.0135"
568,,915712,893826,"0.0245"
569,,913741,901466,"0.0136"
570,,913212,889447,"0.0267"
571,,910330,910162,"0.0002"
572,,907839,880451,"0.0311"
573,,907732,893214,"0.0163"
574,,906419,888653,"0.0099"
575,,905530,911981,"-0.0071"
576,,904675,873363,"0.0176"
577,,902751,876445,"0.0300"
578,,901773,889163,"0.0142"
579,,901708,897218,"0.0050"
580,,900274,880182,"0.0113"
581,,899182,889644,"0.0107"
582,,899084,880902,"0.0206"
583,,898461,883336,"0.0171"
584,,897609,886343,"0.0127"
585,,896864,886361,"0.0118"
586,,895288,875746,"0.0223"
587,,892089,883295,"0.0100"
588,,891494,855579,"0.0420"
589,,891173,864577,"0.0308"
590,,891158,843956,"0.0559"
591,,890013,867562,"0.0259"
592,,889231,869599,"0.0226"
593,,886620,878589,"0.0091"
594,,885516,871682,"0.0159"
595,,884054,873918,"0.0116"
596,,881319,841267,"0.0476"
597,,881018,859070,"0.0255"
598,,880722,869186,"0.0133"
599,,880494,839566,"0.0487"
600,,877258,865354,"0.0138"
601,,873744,846750,"0.0319"
602,,872604,838554,"0.0406"
603,,871690,841966,"0.0353"
604,,869837,840064,"0.0354"
605,,867885,851738,"0.0190"
606,,866640,860902,"0.0033"
607,,864633,851312,"0.0156"
608,,859435,845711,"0.0162"
609,,858103,824417,"0.0409"
610,,857567,823491,"0.0414"
611,,857306,828305,"0.0350"
612,,856705,820969,"0.0435"
613,,855941,814063,"0.0514"
614,,855663,841780,"0.0165"
615,,854488,833782,"0.0248"
616,,853347,840932,"0.0148"
617,,851808,813538,"0.0470"
618,,851146,852454,"-0.0015"
619,,851071,804564,"0.0578"
620,,849996,843219,"0.0080"
621,,848096,810633,"0.0462"
622,,847924,830603,"0.0209"
623,,846374,833237,"0.0158"
624,,846365,824378,"0.0267"
625,,846255,828065,"0.0220"
626,,845154,815303,"0.0366"
627,,844673,820047,"0.0300"
628,,843292,810972,"0.0399"
629,,843196,817265,"0.0317"
630,,842680,844777,"-0.0025"
631,,842065,835352,"0.0080"
632,,839189,828643,"0.0127"
633,,839054,821781,"0.0210"
634,,836727,825074,"0.0141"
635,,836003,815939,"0.0246"
636,,834204,823870,"0.0125"
637,,833724,831815,"0.0023"
638,,832093,835259,"-0.0038"
639,,831175,812888,"0.0225"
640,,830010,806331,"0.0294"
641,,828324,812772,"0.0191"
642,,828248,786713,"0.0528"
643,,826598,802826,"0.0296"
644,,826109,820752,"0.0065"
645,,823974,811293,"0.0156"
646,,822996,813315,"0.0119"
647,,821967,783588,"0.0490"
648,,821043,796264,"0.0311"
649,,816593,808419,"0.0101"
650,,814166,797639,"0.0207"
651,,813553,799785,"0.0172"
652,,812975,767636,"0.0591"
653,,812166,811435,"0.0009"
654,,809481,805364,"0.0051"
655,,805986,802849,"0.0039"
656,,804298,806723,"-0.0030"
657,,797369,777817,"0.0251"
658,,795246,786745,"0.0108"
659,,794262,774880,"0.0250"
660,,793641,782636,"0.0141"
661,,793044,777790,"0.0196"
662,,791297,766483,"0.0324"
663,,787740,746046,"0.0272"
664,,787610,781151,"0.0083"
665,,786485,772394,"0.0182"
666,,785997,776054,"0.0128"
667,,783669,765242,"0.0241"
668,,783484,772266,"0.0145"
669,,783483,760482,"0.0302"
670,,781940,753931,"0.0372"
671,,777697,736984,"0.0552"
672,,777536,758115,"0.0256"
673,,777156,768616,"0.0111"
674,,775620,764044,"0.0152"
675,,775322,760634,"0.0193"
676,,775034,729609,"0.0623"
677,,774031,769425,"0.0060"
678,,774022,764883,"0.0119"
679,,773822,731563,"0.0578"
680,,772872,752323,"0.0273"
681,,771878,757726,"0.0187"
682,,766770,758858,"0.0104"
683,,766688,762808,"0.0051"
684,,765372,739871,"0.0345"
685,,764135,726232,"0.0522"
686,,761329,719603,"0.0580"
687,,761249,756232,"0.0066"
688,,760885,743338,"0.0236"
689,,760764,758858,"0.0025"
690,,758214,751024,"0.0096"
691,,757655,716061,"0.0581"
692,,753138,736874,"0.0221"
693,,752189,740529,"0.0157"
694,,751803,718467,"0.0464"
695,,751034,729107,"0.0301"
696,,747588,725320,"0.0307"
697,,747208,728707,"0.0254"
698,,745172,719116,"0.0178"
699,,744674,718680,"0.0362"
700,,742612,743559,"-0.0013"
701,,742150,710320,"0.0448"
702,,742011,733202,"0.0120"
703,,739632,715581,"0.0336"
704,,739182,720411,"0.0261"
705,,737903,715997,"0.0306"
706,,737654,705508,"0.0456"
707,,737291,728743,"0.0117"
708,,737000,723998,"0.0180"
709,,736167,740538,"-0.0059"
710,,734856,725803,"0.0125"
711,,733879,703498,"0.0432"
712,,732005,720307,"0.0162"
713,,730828,727371,"0.0048"
714,,730158,725062,"0.0070"
715,,729220,719720,"0.0132"
716,,726950,709177,"0.0251"
717,,726172,719012,"0.0100"
718,,724747,712055,"0.0178"
719,,724696,724948,"-0.0003"
720,,724342,702756,"0.0151"
721,,723758,725202,"-0.0020"
722,,723267,697042,"0.0376"
723,,721795,711673,"0.0142"
724,,718649,693349,"0.0365"
725,,717027,713273,"0.0053"
726,,716748,690953,"0.0373"
727,,716261,686786,"0.0429"
728,,716002,683882,"0.0470"
729,,715965,705995,"0.0141"
730,,715605,700095,"0.0222"
731,,715218,686163,"0.0423"
732,,715130,686121,"0.0423"
733,,715007,707306,"0.0109"
734,,714111,703710,"0.0148"
735,,713677,698844,"0.0212"
736,,713621,693323,"0.0293"
737,,713559,697769,"0.0226"
738,,713357,703413,"0.0141"
739,,712715,703698,"0.0128"
740,,708981,685239,"0.0346"
741,,708559,700466,"0.0116"
742,,708357,707728,"0.0009"
743,,707134,698149,"0.0129"
744,,706657,682677,"0.0351"
745,,705121,690447,"0.0213"
746,,705078,676814,"0.0418"
747,,704559,694297,"0.0148"
748,,703790,705325,"-0.0022"
749,,702280,683849,"0.0270"
750,,702085,696856,"0.0075"
751,,701984,687584,"0.0104"
752,,701120,692100,"0.0065"
753,,700367,689884,"0.0152"
754,,700252,704137,"-0.0055"
755,,700095,688086,"0.0175"
756,,699679,682654,"0.0249"
757,,699226,687460,"0.0171"
758,,697564,691389,"0.0089"
759,,696639,677201,"0.0287"
760,,696630,677691,"0.0279"
761,,696061,652053,"0.0675"
762,,695614,685262,"0.0151"
763,,695165,673380,"0.0324"
764,,694892,662470,"0.0489"
765,,694716,670377,"0.0363"
766,,692050,643407,"0.0756"
767,,691987,680986,"0.0162"
768,,691949,687732,"0.0061"
769,,689771,674189,"0.0231"
770,,688693,682959,"0.0084"
771,,686896,677984,"0.0131"
772,,686398,668419,"0.0269"
773,,686210,678612,"0.0112"
774,,685908,663455,"0.0338"
775,,685628,673008,"0.0093"
776,,684878,685233,"-0.0005"
777,,684751,672335,"0.0185"
778,,683604,679147,"0.0066"
779,,682542,673061,"0.0141"
780,,682342,658956,"0.0355"
781,,682299,642202,"0.0624"
782,,682065,668550,"0.0202"
783,,680971,672501,"0.0126"
784,,679802,670256,"0.0142"
785,,679613,682507,"-0.0042"
786,,679456,653940,"0.0390"
787,,679418,636625,"0.0672"
788,,678841,662003,"0.0254"
789,,678619,646393,"0.0499"
790,,678521,668381,"0.0152"
791,,677766,669843,"0.0118"
792,,677589,675403,"0.0032"
793,,676996,655472,"0.0328"
794,,676831,658347,"0.0138"
795,,676830,682458,"-0.0082"
796,,675384,664915,"0.0157"
797,,675082,646283,"0.0446"
798,,674768,653840,"0.0158"
799,,673626,642552,"0.0484"
800,,673027,658535,"0.0220"
801,,671413,656977,"0.0220"
802,,669363,653865,"0.0117"
803,,668899,649129,"0.0305"
804,,668775,652396,"0.0251"
805,,668405,661038,"0.0111"
806,,667910,655595,"0.0188"
807,,666370,637357,"0.0455"
808,,665707,659410,"0.0095"
809,,665524,641733,"0.0371"
810,,665186,644449,"0.0322"
811,,665150,626862,"0.0611"
812,,663145,662870,"0.0004"
813,,662863,631110,"0.0503"
814,,658631,665713,"-0.0053"
815,,657277,647410,"0.0152"
816,,656036,627897,"0.0448"
817,,655714,645186,"0.0163"
818,,655663,631442,"0.0384"
819,,654441,628692,"0.0410"
820,,654258,650530,"0.0057"
821,,652723,640361,"0.0193"
822,,651875,642090,"0.0152"
823,,651338,651079,"0.0004"
824,,650060,628346,"0.0346"
825,,648889,607531,"0.0681"
826,,647419,635411,"0.0189"
827,,645874,638674,"0.0113"
828,,645769,649243,"-0.0027"
829,,644782,628432,"0.0260"
830,,644738,639662,"0.0079"
831,,644359,626663,"0.0282"
832,,642709,632166,"0.0167"
833,,642592,623644,"0.0304"
834,,642447,639743,"0.0042"
835,,641911,611806,"0.0492"
836,,641401,640585,"0.0013"
837,,641380,637347,"0.0063"
838,,641249,621694,"0.0315"
839,,640271,615759,"0.0398"
840,,639783,639126,"0.0010"
841,,639167,614015,"0.0410"
842,,638855,633811,"0.0080"
843,,638843,635870,"0.0047"
844,,638229,627455,"0.0172"
845,,638188,638467,"-0.0004"
846,,637795,612321,"0.0416"
847,,637539,631052,"0.0103"
848,,637255,629260,"0.0127"
849,,637245,636244,"0.0016"
850,,636293,605136,"0.0515"
851,,634977,622398,"0.0202"
852,,634508,600433,"0.0568"
853,,634197,599208,"0.0584"
854,,633551,625824,"0.0123"
855,,633453,620630,"0.0207"
856,,633151,629682,"0.0055"
857,,632692,631453,"0.0020"
858,,632347,610020,"0.0366"
859,,631942,628459,"0.0055"
860,,631203,606799,"0.0402"
861,,630982,619119,"0.0192"
862,,630692,633820,"-0.0049"
863,,630632,626760,"0.0062"
864,,630295,615806,"0.0235"
865,,630175,624146,"0.0097"
866,,629658,625890,"0.0060"
867,,629527,602260,"0.0453"
868,,626192,615859,"0.0168"
869,,626067,606263,"0.0327"
870,,625304,595675,"0.0497"
871,,625290,605586,"0.0325"
872,,624896,625837,"-0.0015"
873,,622636,614790,"0.0128"
874,,622377,622287,"0.0001"
875,,622313,619287,"0.0024"
876,,619871,614571,"0.0086"
877,,619358,612880,"0.0106"
878,,618706,623894,"-0.0083"
879,,616994,600113,"0.0281"
880,,613668,605882,"0.0129"
881,,613617,606616,"0.0115"
882,,613437,602459,"0.0182"
883,,612365,612247,"0.0002"
884,,611566,602427,"0.0152"
885,,610887,598368,"0.0209"
886,,609873,603634,"0.0103"
887,,609754,609930,"-0.0003"
888,,607692,600251,"0.0124"
889,,607055,596869,"0.0171"
890,,606909,601574,"0.0089"
891,,606633,585287,"0.0365"
892,,605743,579260,"0.0457"
893,,605575,575806,"0.0517"
894,,605327,592759,"0.0212"
895,,604159,568421,"0.0629"
896,,604149,594261,"0.0166"
897,,602128,593981,"0.0137"
898,,600121,580847,"0.0332"
899,,599812,583279,"0.0283"
900,,599792,598979,"0.0014"
901,,599714,578829,"0.0361"
902,,599611,581798,"0.0306"
903,,599186,581771,"0.0299"
904,,598465,605399,"-0.0115"
905,,597679,575617,"0.0383"
906,,596362,586129,"0.0175"
907,,595642,590480,"0.0087"
908,,594482,584669,"0.0168"
909,,593596,546487,"0.0862"
910,,591080,562577,"0.0507"
911,,591052,585246,"0.0099"
912,,591042,593758,"-0.0046"
913,,590940,589849,"0.0018"
914,,590522,584693,"0.0100"
915,,590032,588778,"0.0021"
916,,589731,557567,"0.0577"
917,,589600,589457,"0.0002"
918,,588772,568563,"0.0355"
919,,588566,585825,"0.0047"
920,,588540,583836,"0.0081"
921,,588334,573517,"0.0258"
922,,587712,601188,"-0.0113"
923,,586667,553318,"0.0603"
924,,586187,581760,"0.0076"
925,,585877,585825,"0.0001"
926,,585317,572218,"0.0229"
927,,584631,571706,"0.0226"
928,,583629,575879,"0.0135"
929,,582128,582777,"-0.0011"
930,,579620,579577,"0.0001"
931,,579273,554887,"0.0439"
932,,579095,577180,"0.0033"
933,,578992,570264,"0.0153"
934,,578762,565832,"0.0229"
935,,578374,563779,"0.0259"
936,,578273,570504,"0.0136"
937,,578222,567757,"0.0184"
938,,577808,571287,"0.0114"
939,,577583,586315,"-0.0075"
940,,577513,555332,"0.0399"
941,,576241,547190,"0.0531"
942,,576157,568804,"0.0129"
943,,575696,549770,"0.0472"
944,,575625,557632,"0.0323"
945,,575481,569996,"0.0096"
946,,575073,554700,"0.0367"
947,,572967,562008,"0.0195"
948,,572028,543058,"0.0533"
949,,571876,564745,"0.0126"
950,,570115,563600,"0.0116"
951,,569911,556499,"0.0241"
952,,569224,558710,"0.0188"
953,,569048,559693,"0.0167"
954,,568812,568599,"0.0004"
955,,567945,571888,"-0.0069"
956,,567912,557544,"0.0186"
957,,567839,551540,"0.0296"
958,,567029,556450,"0.0190"
959,,566593,562935,"0.0032"
960,,566083,553572,"0.0226"
961,,566065,540637,"0.0470"
962,,565986,555886,"0.0182"
963,,565759,564347,"0.0025"
964,,565735,558182,"0.0135"
965,,565509,537757,"0.0516"
966,,565449,555793,"0.0174"
967,,565354,564270,"0.0019"
968,,565253,555350,"0.0178"
969,,564578,558965,"0.0100"
970,,564540,552922,"0.0210"
971,,563456,542198,"0.0392"
972,,562917,555753,"0.0129"
973,,562755,554922,"0.0141"
974,,562466,553973,"0.0153"
975,,562379,548745,"0.0248"
976,,561369,543195,"0.0335"
977,,560962,553694,"0.0131"
978,,560930,543853,"0.0314"
979,,559027,555469,"0.0064"
980,,558615,540947,"0.0327"
981,,558524,546962,"0.0211"
982,,557589,552354,"0.0095"
983,,556899,553576,"0.0060"
984,,555621,546574,"0.0166"
985,,555073,545987,"0.0166"
986,,553755,547396,"0.0116"
987,,553302,542115,"0.0206"
988,,552178,547352,"0.0088"
989,,551500,534608,"0.0316"
990,,551474,527194,"0.0461"
991,,551319,542285,"0.0167"
992,,551006,542824,"0.0151"
993,,550575,551987,"-0.0026"
994,,550240,527598,"0.0429"
995,,549966,542578,"0.0136"
996,,549586,536285,"0.0248"
997,,548992,553224,"-0.0076"
998,,547952,536422,"0.0215"
999,,547724,539906,"0.0145"
1000,,546688,533434,"0.0248"
1001,,546649,537167,"0.0177"
1002,,545941,533572,"0.0232"
1003,,544389,536473,"0.0148"
1005,,544207,536303,"0.0147"
1004,,544207,544259,"-0.0001"
1006,,544115,534290,"0.0184"
1007,,543729,536298,"0.0139"
1008,,542495,531047,"0.0216"
1009,,541485,539893,"0.0029"
1010,,540789,509717,"0.0610"
1011,,540317,540502,"-0.0003"
1012,,539766,535236,"0.0042"
1013,,539445,524986,"0.0275"
1014,,539179,520905,"0.0351"
1015,,539052,531831,"0.0136"
1016,,538150,530921,"0.0136"
1017,,537329,512852,"0.0477"
1018,,536976,536498,"0.0009"
1019,,536775,530741,"0.0114"
1020,,536253,529153,"0.0067"
1021,,535407,501936,"0.0667"
1022,,534947,535191,"-0.0005"
1023,,534726,534307,"0.0008"
1024,,534486,524179,"0.0197"
1025,,534288,519899,"0.0277"
1026,,533453,518190,"0.0295"
1027,,533257,513820,"0.0378"
1028,,533135,517687,"0.0298"
1029,,532856,523653,"0.0176"
1030,,532689,501665,"0.0618"
1031,,531030,533731,"-0.0051"
1032,,528763,521090,"0.0147"
1033,,527779,501303,"0.0528"
1034,,527720,524853,"0.0055"
1035,,527655,512822,"0.0289"
1036,,527326,520650,"0.0128"
1037,,527279,523581,"0.0071"
1038,,526912,521419,"0.0105"
1039,,526069,508796,"0.0339"
1040,,525093,514025,"0.0215"
1041,,524937,510086,"0.0291"
1042,,524577,509898,"0.0288"
1043,,523914,505485,"0.0365"
1044,,523818,515422,"0.0163"
1045,,523543,520419,"0.0060"
1046,,523092,524131,"-0.0020"
1047,,522100,522331,"-0.0004"
1048,,522062,507265,"0.0292"
1049,,521744,517889,"0.0074"
1050,,521537,513163,"0.0163"
1051,,520926,508535,"0.0244"
1052,,520568,505504,"0.0298"
1053,,520371,504795,"0.0309"
1054,,519362,507298,"0.0118"
1055,,517635,510681,"0.0136"
1056,,517549,511770,"0.0113"
1057,,517342,504174,"0.0261"
1058,,516755,508021,"0.0172"
1059,,515909,501280,"0.0292"
1060,,515076,510611,"0.0087"
1061,,514662,497762,"0.0340"
1062,,514610,497598,"0.0342"
1063,,514455,501894,"0.0250"
1064,,514227,506331,"0.0156"
1065,,513457,492880,"0.0417"
1066,,513369,493968,"0.0393"
1067,,513231,507408,"0.0115"
1068,,513003,510777,"0.0044"
1069,,511941,512022,"-0.0002"
1070,,511843,503318,"0.0169"
1071,,511738,503238,"0.0169"
1072,,511410,494683,"0.0338"
1073,,511391,494442,"0.0343"
1074,,510813,497234,"0.0273"
1075,,510730,491626,"0.0191"
1076,,510631,475198,"0.0746"
1077,,510419,498873,"0.0231"
1078,,510275,489328,"0.0428"
1079,,509963,497275,"0.0126"
1080,,509958,511745,"-0.0035"
1081,,509765,489068,"0.0423"
1082,,509368,485087,"0.0501"
1083,,508575,488715,"0.0406"
1084,,507934,488387,"0.0400"
1085,,507652,494536,"0.0131"
1086,,507643,482460,"0.0522"
1087,,507462,489903,"0.0358"
1088,,507291,508968,"-0.0033"
1089,,506356,476632,"0.0624"
1090,,505870,502323,"0.0071"
1091,,505687,501288,"0.0088"
1092,,505117,486767,"0.0377"
1093,,505024,493946,"0.0224"
1094,,504946,505426,"-0.0009"
1095,,504439,479009,"0.0259"
1096,,504158,492089,"0.0245"
1097,,503397,479240,"0.0504"
1098,,503365,484233,"0.0194"
1099,,503271,487303,"0.0328"
1100,,503179,499964,"0.0064"
1101,,502866,491303,"0.0235"
1102,,502594,495842,"0.0136"
1103,,501423,495344,"0.0123"
1104,,500867,481012,"0.0413"
1105,,500776,501078,"-0.0006"
1106,,500094,485973,"0.0291"
1107,,499783,494441,"0.0108"
1108,,499396,477672,"0.0455"
1109,,499034,504342,"-0.0105"
1110,,498294,486776,"0.0237"
1111,,498261,484903,"0.0275"
1112,,498002,484812,"0.0272"
1113,,497578,471646,"0.0550"
1114,,496002,488023,"0.0163"
1115,,495968,489305,"0.0136"
1116,,495308,488819,"0.0133"
1117,,494654,490072,"0.0093"
1118,,494612,476746,"0.0184"
1119,,493896,458264,"0.0778"
1120,,493712,484624,"0.0188"
1121,,492919,482609,"0.0214"
1122,,491713,485472,"0.0129"
1123,,491287,482045,"0.0192"
1124,,490123,464481,"0.0552"
1125,,489178,463523,"0.0553"
1126,,488922,478600,"0.0216"
1127,,487815,461404,"0.0572"
1128,,487133,473228,"0.0294"
1129,,486986,483658,"0.0069"
1130,,486424,476431,"0.0210"
1131,,485660,455304,"0.0667"
1132,,485120,475960,"0.0192"
1133,,484659,486559,"-0.0039"
1134,,484324,464647,"0.0423"
1135,,483865,480543,"0.0069"
1136,,483770,478177,"0.0117"
1137,,483640,472832,"0.0229"
1138,,483510,474712,"0.0185"
1139,,483506,467491,"0.0343"
1140,,482027,458433,"0.0515"
1141,,481718,441158,"0.0919"
1142,,481350,468125,"0.0283"
1143,,480879,477767,"0.0065"
1144,,480038,471211,"0.0187"
1145,,479674,462757,"0.0366"
1146,,479399,468613,"0.0230"
1147,,479259,479878,"-0.0013"
1148,,479101,471682,"0.0157"
1149,,477627,474187,"0.0073"
1150,,477567,457972,"0.0428"
1151,,477235,468101,"0.0195"
1152,,476265,476131,"0.0003"
1153,,475975,477023,"-0.0022"
1154,,475360,470152,"0.0111"
1155,,474691,465110,"0.0206"
1156,,474358,467302,"0.0151"
1157,,473513,456441,"0.0374"
1158,,473159,477113,"-0.0083"
1159,,472733,459523,"0.0287"
1160,,471789,466456,"0.0114"
1161,,471238,463525,"0.0166"
1162,,471134,451682,"0.0431"
1163,,471046,465944,"0.0109"
1164,,470720,461407,"0.0202"
1165,,470050,457077,"0.0284"
1166,,470004,469230,"0.0016"
1167,,469582,462358,"0.0156"
1168,,469557,453255,"0.0360"
1169,,469504,466954,"0.0055"
1170,,467632,440122,"0.0625"
1171,,467460,457666,"0.0214"
1172,,467005,461196,"0.0126"
1173,,466755,449011,"0.0395"
1174,,466576,456267,"0.0226"
1175,,466412,463257,"0.0068"
1176,,466219,466930,"-0.0015"
1177,,465761,446690,"0.0427"
1178,,465599,430934,"0.0804"
1179,,465475,465142,"0.0007"
1180,,465446,466133,"-0.0015"
1181,,464894,467512,"-0.0028"
1182,,464731,461303,"0.0074"
1183,,464573,451807,"0.0283"
1184,,463949,450973,"0.0288"
1185,,462162,456199,"0.0131"
1186,,461342,453798,"0.0166"
1187,,460998,455450,"0.0122"
1188,,460246,460481,"-0.0005"
1189,,459983,452940,"0.0155"
1190,,459825,454334,"0.0121"
1191,,459707,447375,"0.0276"
1192,,459698,447867,"0.0264"
1193,,459240,439821,"0.0442"
1194,,459059,443697,"0.0346"
1195,,458420,438219,"0.0461"
1196,,457422,445576,"0.0266"
1197,,457330,452497,"0.0107"
1198,,455594,454098,"0.0016"
1199,,454733,446999,"0.0173"
1200,,454339,444577,"0.0220"
1201,,454301,437742,"0.0378"
1202,,453758,450364,"0.0038"
1203,,453747,447651,"0.0136"
1204,,452605,445026,"0.0170"
1205,,452583,441292,"0.0256"
1206,,452226,444824,"0.0166"
1207,,452209,441830,"0.0235"
1208,,451542,440983,"0.0239"
1209,,451498,442535,"0.0203"
1210,,451055,448606,"0.0055"
1211,,450809,435325,"0.0356"
1212,,450707,447742,"0.0066"
1213,,450689,443428,"0.0164"
1214,,450564,443111,"0.0168"
1215,,450520,446746,"0.0084"
1216,,450360,447446,"0.0065"
1217,,450094,446408,"0.0083"
1218,,450024,440238,"0.0222"
1219,,449481,443442,"0.0136"
1220,,448883,436621,"0.0281"
1221,,448839,443504,"0.0120"
1222,,448073,440268,"0.0177"
1223,,448035,446250,"0.0040"
1224,,447959,434120,"0.0319"
1225,,446724,440071,"0.0151"
1226,,445438,439317,"0.0139"
1227,,445226,444664,"0.0013"
1228,,444840,436232,"0.0197"
1229,,443992,431836,"0.0281"
1230,,443948,441470,"0.0056"
1231,,443336,432260,"0.0256"
1232,,443110,433048,"0.0232"
1233,,442989,428210,"0.0345"
1234,,442889,438948,"0.0090"
1235,,442863,437091,"0.0132"
1236,,442604,437550,"0.0116"
1237,,441843,418147,"0.0567"
1238,,441750,428289,"0.0314"
1239,,441273,435353,"0.0136"
1240,,440963,422603,"0.0434"
1241,,440609,434690,"0.0136"
1242,,440381,437825,"0.0058"
1243,,440022,415546,"0.0589"
1244,,439855,418795,"0.0503"
1245,,439829,434082,"0.0132"
1246,,439509,442491,"-0.0067"
1247,,439018,434237,"0.0110"
1248,,438871,432085,"0.0157"
1249,,437884,436764,"0.0026"
1250,,437774,430709,"0.0164"
1251,,437354,429906,"0.0173"
1252,,437305,414837,"0.0542"
1253,,437023,426699,"0.0242"
1254,,435567,429215,"0.0148"
1255,,435064,422883,"0.0288"
1256,,434926,432508,"0.0056"
1257,,434797,418996,"0.0377"
1258,,434398,411799,"0.0549"
1259,,432414,422798,"0.0227"
1260,,432250,427259,"0.0117"
1261,,432222,419987,"0.0291"
1262,,432221,415715,"0.0397"
1263,,432216,426410,"0.0136"
1264,,431455,427530,"0.0092"
1265,,431413,418944,"0.0298"
1266,,431275,422845,"0.0199"
1267,,431171,417380,"0.0330"
1268,,430821,421293,"0.0226"
1269,,429734,425951,"0.0089"
1270,,429622,422815,"0.0161"
1271,,429275,419443,"0.0234"
1272,,428545,424275,"0.0050"
1273,,427896,426873,"0.0024"
1274,,427791,420721,"0.0083"
1275,,427581,415078,"0.0301"
1276,,426793,413862,"0.0312"
1277,,426477,419227,"0.0173"
1278,,426310,413795,"0.0302"
1279,,426253,398160,"0.0706"
1280,,425966,417430,"0.0204"
1281,,425643,412486,"0.0319"
1282,,425613,405592,"0.0494"
1283,,425566,418347,"0.0173"
1284,,425069,406419,"0.0459"
1285,,424733,424012,"0.0017"
1286,,424153,417342,"0.0163"
1287,,423982,411286,"0.0309"
1288,,423624,423671,"-0.0001"
1289,,422306,407415,"0.0365"
1290,,422244,409670,"0.0307"
1291,,421817,415172,"0.0160"
1292,,421247,413895,"0.0178"
1293,,420735,402193,"0.0461"
1294,,420661,420719,"-0.0001"
1295,,420226,407176,"0.0321"
1296,,420065,403484,"0.0411"
1297,,420044,415232,"0.0116"
1298,,419993,413629,"0.0154"
1299,,419653,420594,"-0.0022"
1300,,419492,410873,"0.0210"
1301,,419469,418887,"0.0014"
1302,,418739,412502,"0.0151"
1303,,418418,400741,"0.0441"
1304,,418372,409320,"0.0221"
1305,,417824,405976,"0.0292"
1306,,417807,411969,"0.0142"
1307,,417052,400186,"0.0421"
1308,,416049,414037,"0.0049"
1309,,415541,407158,"0.0206"
1310,,415270,395403,"0.0502"
1311,,415022,401201,"0.0344"
1312,,414818,413012,"0.0044"
1313,,414813,391667,"0.0591"
1314,,414308,406797,"0.0185"
1315,,414208,418003,"-0.0091"
1316,,414011,415411,"-0.0034"
1317,,413766,404092,"0.0239"
1318,,413444,415157,"-0.0041"
1319,,413429,412389,"0.0025"
1320,,413397,389097,"0.0625"
1321,,413258,398323,"0.0375"
1322,,412674,410816,"0.0045"
1323,,412264,408658,"0.0088"
1324,,411849,394507,"0.0215"
1325,,410345,401685,"0.0216"
1326,,410130,406566,"0.0088"
1327,,409948,401947,"0.0199"
1328,,409916,377782,"0.0851"
1329,,409759,405876,"0.0096"
1330,,409737,387165,"0.0583"
1331,,409724,401248,"0.0105"
1332,,409558,402237,"0.0182"
1333,,408740,394649,"0.0357"
1334,,408609,401423,"0.0179"
1335,,408412,402658,"0.0143"
1336,,408388,397756,"0.0267"
1337,,408275,398445,"0.0247"
1338,,408096,390924,"0.0439"
1339,,407941,404100,"0.0095"
1340,,407725,402381,"0.0133"
1341,,407671,402440,"0.0130"
1342,,407257,393124,"0.0360"
1343,,407130,395456,"0.0295"
1344,,406956,398869,"0.0203"
1345,,405530,398058,"0.0188"
1346,,404637,399613,"0.0126"
1347,,404239,394195,"0.0255"
1348,,404238,401368,"0.0072"
1349,,403680,390524,"0.0337"
1350,,403215,385765,"0.0452"
1351,,403030,403060,"-0.0000"
1352,,403021,404725,"-0.0042"
1353,,402476,397347,"0.0129"
1354,,402417,391026,"0.0291"
1355,,401900,400921,"0.0024"
1356,,401799,405210,"-0.0084"
1357,,401451,391360,"0.0258"
1358,,401370,402405,"-0.0026"
1359,,401139,393483,"0.0195"
1360,,401095,397375,"0.0094"
1361,,401022,394641,"0.0162"
1362,,401020,396191,"0.0122"
1363,,400389,394225,"0.0156"
1364,,400320,392487,"0.0200"
1365,,399946,396277,"0.0093"
1366,,399758,397208,"0.0064"
1367,,399718,391935,"0.0199"
1368,,399446,400466,"-0.0025"
1369,,398946,388890,"0.0259"
1370,,398586,401345,"-0.0069"
1371,,398523,395009,"0.0044"
1372,,398520,396882,"0.0041"
1373,,398406,385655,"0.0331"
1374,,397834,392637,"0.0132"
1375,,397815,393168,"0.0118"
1376,,397715,380043,"0.0465"
1377,,397226,388543,"0.0223"
1378,,396961,382096,"0.0389"
1379,,396297,392195,"0.0105"
1380,,395334,384221,"0.0289"
1381,,395130,390008,"0.0131"
1382,,394882,388007,"0.0177"
1383,,394676,391757,"0.0075"
1384,,394574,378481,"0.0425"
1385,,394174,391935,"0.0057"
1386,,394028,388403,"0.0145"
1387,,394023,378107,"0.0421"
1388,,393496,374638,"0.0503"
1389,,393270,391586,"0.0021"
1390,,393243,383083,"0.0265"
1391,,393023,386417,"0.0171"
1392,,392904,382485,"0.0272"
1393,,392066,385166,"0.0179"
1394,,391996,384188,"0.0101"
1395,,391932,379348,"0.0332"
1396,,390947,384669,"0.0163"
1397,,390259,382821,"0.0194"
1398,,389669,377964,"0.0310"
1399,,389645,370270,"0.0523"
1400,,389587,372592,"0.0456"
1401,,389022,371518,"0.0471"
1402,,388987,368100,"0.0567"
1403,,388978,385293,"0.0096"
1404,,388782,381367,"0.0194"
1405,,388483,385844,"0.0068"
1406,,388465,386864,"0.0041"
1407,,387064,383415,"0.0095"
1408,,386787,382453,"0.0113"
1409,,386751,375501,"0.0300"
1410,,386622,382642,"0.0104"
1411,,386452,382081,"0.0114"
1412,,386366,381946,"0.0116"
1413,,386262,368368,"0.0486"
1414,,386013,384377,"0.0043"
1415,,385999,382085,"0.0102"
1416,,385742,375182,"0.0281"
1417,,385670,368819,"0.0457"
1418,,385296,367420,"0.0487"
1419,,385288,371054,"0.0384"
1420,,385246,374177,"0.0296"
1421,,384679,379739,"0.0130"
1422,,384369,377989,"0.0169"
1423,,383566,371499,"0.0325"
1424,,383461,372710,"0.0288"
1425,,383372,378608,"0.0126"
1426,,382516,374517,"0.0214"
1427,,382502,367222,"0.0416"
1428,,382363,367513,"0.0404"
1429,,382169,374816,"0.0196"
1430,,381720,374769,"0.0185"
1431,,381220,374473,"0.0180"
1432,,381190,372041,"0.0246"
1433,,381084,375965,"0.0136"
1434,,380483,371411,"0.0244"
1435,,380401,364817,"0.0427"
1436,,378485,378288,"0.0005"
1437,,377966,376348,"0.0043"
1438,,377819,362407,"0.0425"
1439,,377797,381803,"-0.0053"
1440,,377286,367240,"0.0274"
1441,,377220,362813,"0.0397"
1442,,377134,375279,"0.0049"
1443,,376254,358199,"0.0504"
1444,,375992,374027,"0.0053"
1445,,375733,372649,"0.0083"
1446,,375326,368518,"0.0092"
1447,,375311,374838,"0.0013"
1448,,375248,370732,"0.0122"
1449,,374879,374352,"0.0014"
1450,,374789,374421,"0.0010"
1451,,374643,368876,"0.0156"
1452,,374495,363682,"0.0297"
1453,,374483,366211,"0.0226"
1454,,374270,364593,"0.0265"
1455,,373738,370745,"0.0081"
1456,,373647,370129,"0.0095"
1457,,373322,364812,"0.0233"
1458,,373210,368947,"0.0116"
1459,,372920,353290,"0.0556"
1460,,372680,366805,"0.0160"
1461,,372443,367327,"0.0139"
1462,,372416,364607,"0.0214"
1463,,371971,373702,"-0.0046"
1464,,371559,362161,"0.0259"
1465,,371026,372362,"-0.0036"
1466,,370650,347486,"0.0667"
1467,,370168,361169,"0.0249"
1468,,370129,364554,"0.0153"
1469,,369758,366449,"0.0090"
1470,,369672,365509,"0.0114"
1471,,369648,361112,"0.0236"
1472,,368955,362676,"0.0173"
1473,,368947,369568,"-0.0017"
1474,,368616,362382,"0.0172"
1475,,368559,369595,"-0.0028"
1476,,368194,350258,"0.0512"
1477,,367950,363199,"0.0131"
1478,,367767,358541,"0.0257"
1479,,367565,359287,"0.0230"
1480,,367149,361804,"0.0148"
1481,,367014,358423,"0.0240"
1482,,366914,362298,"0.0127"
1483,,366694,362825,"0.0107"
1484,,366386,365589,"0.0022"
1485,,366254,352169,"0.0400"
1486,,365766,357120,"0.0242"
1487,,365584,347805,"0.0511"
1488,,365574,358427,"0.0199"
1489,,365112,359102,"0.0167"
1490,,364909,355776,"0.0257"
1491,,364024,357530,"0.0182"
1492,,363622,349165,"0.0414"
1493,,362912,345830,"0.0494"
1494,,362769,358310,"0.0124"
1495,,362526,350676,"0.0338"
1496,,362348,356299,"0.0170"
1497,,362314,347060,"0.0440"
1498,,361148,354599,"0.0185"
1499,,361106,356237,"0.0137"
1500,,360876,356215,"0.0131"
1501,,360612,349167,"0.0328"
1502,,360360,358911,"0.0040"
1503,,360260,348820,"0.0328"
1504,,359668,352748,"0.0196"
1505,,359277,359050,"0.0006"
1506,,359226,357212,"0.0056"
1507,,359015,353266,"0.0163"
1508,,358966,355889,"0.0086"
1509,,358587,355160,"0.0096"
1510,,358553,347444,"0.0320"
1511,,358418,351508,"0.0197"
1512,,358378,354080,"0.0121"
1513,,358241,356220,"0.0057"
1514,,358084,357436,"0.0018"
1515,,358063,354553,"0.0049"
1516,,357912,341690,"0.0475"
1517,,357540,348680,"0.0254"
1518,,357215,355351,"0.0052"
1519,,357079,354999,"0.0059"
1520,,357052,343982,"0.0380"
1521,,356550,348090,"0.0243"
1522,,356496,347915,"0.0247"
1523,,356073,344020,"0.0350"
1524,,356001,349755,"0.0179"
1525,,355837,345552,"0.0298"
1526,,355832,339289,"0.0488"
1527,,355812,345387,"0.0302"
1528,,355785,355328,"0.0013"
1529,,355774,353609,"0.0061"
1530,,355513,348165,"0.0211"
1531,,355461,344569,"0.0316"
1532,,355089,344487,"0.0308"
1533,,354667,349313,"0.0153"
1534,,354086,349636,"0.0127"
1535,,353957,349255,"0.0135"
1536,,353897,349759,"0.0118"
1537,,353859,348661,"0.0149"
1538,,353570,340027,"0.0398"
1539,,353380,347630,"0.0165"
1540,,353043,350800,"0.0064"
1541,,352781,330557,"0.0672"
1542,,352419,346693,"0.0165"
1543,,351926,348666,"0.0093"
1544,,351869,348313,"0.0102"
1545,,351039,333208,"0.0535"
1546,,350958,346184,"0.0138"
1547,,350768,351280,"-0.0007"
1548,,350448,348750,"0.0049"
1549,,350200,351125,"-0.0026"
1550,,349705,351864,"-0.0061"
1551,,349633,350873,"-0.0035"
1552,,349481,331323,"0.0548"
1553,,349363,345514,"0.0111"
1554,,349306,349786,"-0.0014"
1555,,349271,341704,"0.0221"
1556,,348873,346557,"0.0067"
1557,,348750,347502,"0.0036"
1558,,348366,342978,"0.0157"
1559,,348096,341072,"0.0206"
1560,,347831,343103,"0.0138"
1561,,347673,343210,"0.0130"
1562,,347664,340179,"0.0220"
1563,,347563,339313,"0.0243"
1564,,347522,349375,"-0.0053"
1565,,347295,334747,"0.0375"
1566,,347038,340262,"0.0199"
1567,,346563,345855,"0.0020"
1568,,346522,340851,"0.0166"
1569,,346436,335587,"0.0323"
1570,,345890,344796,"0.0032"
1571,,345853,339404,"0.0190"
1572,,345577,332499,"0.0393"
1573,,344989,338813,"0.0182"
1574,,344676,334299,"0.0310"
1575,,344412,338529,"0.0174"
1576,,344307,338122,"0.0183"
1577,,344057,336900,"0.0212"
1578,,343834,340199,"0.0107"
1579,,343719,343127,"0.0017"
1580,,343622,338222,"0.0160"
1581,,343568,331339,"0.0369"
1582,,343534,334870,"0.0259"
1583,,343419,331549,"0.0358"
1584,,343415,336695,"0.0200"
1585,,343168,341650,"0.0044"
1586,,343089,342743,"0.0010"
1587,,342178,330012,"0.0369"
1588,,342117,339408,"0.0080"
1589,,341956,337160,"0.0142"
1590,,341951,337934,"0.0119"
1591,,341779,333158,"0.0259"
1592,,341582,339479,"0.0062"
1593,,340980,340940,"0.0001"
1594,,340912,337987,"0.0087"
1595,,340662,334549,"0.0183"
1596,,340594,337381,"0.0095"
1597,,340382,340717,"-0.0010"
1598,,340375,324794,"0.0480"
1599,,340021,335404,"0.0138"
1600,,339695,326698,"0.0398"
1601,,338983,333320,"0.0170"
1602,,338946,329466,"0.0288"
1603,,338827,341364,"-0.0074"
1604,,338788,332571,"0.0187"
1605,,338657,330051,"0.0261"
1606,,338490,331606,"0.0103"
1607,,338175,330685,"0.0226"
1608,,338077,337517,"0.0017"
1609,,337631,326994,"0.0325"
1610,,336972,331880,"0.0153"
1611,,336643,326537,"0.0309"
1612,,336549,323253,"0.0411"
1613,,336493,322243,"0.0442"
1614,,336170,324903,"0.0347"
1615,,336082,334709,"0.0041"
1616,,335437,328721,"0.0204"
1617,,335387,336720,"-0.0040"
1618,,335068,335217,"-0.0004"
1619,,335009,334613,"0.0006"
1621,,334989,326675,"0.0255"
1620,,334989,329152,"0.0177"
1622,,334922,333379,"0.0046"
1623,,334720,336382,"-0.0049"
1624,,334489,334518,"-0.0001"
1625,,334023,324722,"0.0286"
1626,,333487,329657,"0.0116"
1627,,333462,330871,"0.0078"
1628,,333177,325813,"0.0112"
1629,,332826,327950,"0.0149"
1630,,332001,325125,"0.0211"
1631,,331670,326536,"0.0157"
1632,,331175,326561,"0.0141"
1633,,331071,325284,"0.0178"
1634,,330904,333211,"-0.0069"
1635,,330637,332136,"-0.0045"
1636,,330633,328183,"0.0037"
1637,,330538,332205,"-0.0050"
1638,,330483,316928,"0.0428"
1639,,329996,323058,"0.0215"
1640,,329977,329483,"0.0015"
1641,,329913,326074,"0.0118"
1642,,329750,327496,"0.0069"
1643,,329544,316047,"0.0427"
1644,,329373,327081,"0.0070"
1645,,329370,321763,"0.0236"
1646,,329333,324466,"0.0150"
1647,,329071,319717,"0.0293"
1648,,329045,328393,"0.0020"
1649,,328887,329691,"-0.0024"
1650,,328798,317599,"0.0353"
1651,,328630,322155,"0.0201"
1652,,328338,315204,"0.0417"
1653,,328200,328932,"-0.0022"
1654,,328154,325925,"0.0068"
1655,,328140,318588,"0.0300"
1656,,328086,323163,"0.0152"
1657,,327985,321920,"0.0188"
1658,,327808,323205,"0.0142"
1659,,327672,322906,"0.0148"
1660,,327476,315070,"0.0394"
1661,,326809,323727,"0.0095"
1662,,326438,326120,"0.0010"
1663,,326371,324335,"0.0063"
1664,,326241,324791,"0.0045"
1665,,325360,324302,"0.0033"
1666,,325341,309155,"0.0255"
1667,,324216,318062,"0.0193"
1668,,323906,320853,"0.0095"
1669,,323796,313690,"0.0322"
1670,,323646,316147,"0.0237"
1671,,323432,318239,"0.0163"
1672,,323336,317905,"0.0171"
1673,,322000,318031,"0.0125"
1674,,321997,320608,"0.0043"
1675,,321351,322228,"-0.0027"
1676,,321112,314156,"0.0221"
1677,,321104,315095,"0.0191"
1678,,320899,321175,"-0.0009"
1679,,320829,317708,"0.0098"
1680,,320825,319883,"0.0029"
1681,,320713,314289,"0.0204"
1682,,320453,314566,"0.0187"
1683,,320194,320213,"-0.0001"
1684,,320129,317251,"0.0091"
1685,,319917,320169,"-0.0008"
1686,,319060,310369,"0.0280"
1687,,318064,316236,"0.0058"
1688,,318022,310979,"0.0226"
1689,,317313,317507,"-0.0006"
1690,,317217,310422,"0.0219"
1691,,317180,312920,"0.0136"
1692,,317091,308554,"0.0277"
1693,,317088,312080,"0.0080"
1694,,316737,316274,"0.0015"
1695,,316624,317683,"-0.0033"
1696,,316365,311664,"0.0151"
1697,,315533,313739,"0.0057"
1698,,314440,313210,"0.0039"
1699,,314244,310364,"0.0125"
1700,,314205,307963,"0.0203"
1701,,313878,308138,"0.0092"
1702,,313542,316294,"-0.0087"
1703,,313492,307482,"0.0195"
1704,,313401,307703,"0.0185"
1705,,313275,309634,"0.0118"
1706,,312617,309172,"0.0111"
1707,,312328,310367,"0.0063"
1708,,311819,306716,"0.0166"
1709,,311408,310051,"0.0044"
1710,,309741,308903,"0.0027"
1711,,307851,307397,"0.0015"
1712,,307670,306107,"0.0051"
1713,,307318,286720,"0.0347"
1714,,306977,309275,"-0.0074"
1715,,306853,306596,"0.0008"
1716,,306736,306796,"-0.0002"
1717,,305114,302743,"0.0078"
1718,,305047,306657,"-0.0053"
1719,,304865,305335,"-0.0015"
1720,,303933,290553,"0.0225"
1721,,302669,303147,"-0.0008"
1722,,302105,303891,"-0.0059"
1723,,299956,300568,"-0.0020"